{
  "project_info": {
    "project_number": "1052995618647",
    "firebase_url": "https://igclone-3cea9-default-rtdb.firebaseio.com",
    "project_id": "igclone-3cea9",
    "storage_bucket": "igclone-3cea9.appspot.com"
  },
  "client": [
    {
      "client_info": {
        "mobilesdk_app_id": "1:1052995618647:android:be0271316f6499374be012",
        "android_client_info": {
          "package_name": "com.example.instaclone"
        }
      },
      "oauth_client": [],
      "api_key": [
        {
          "current_key": "AIzaSyB81cmooBCxt_7ZFq7VnTwV6ci6NpgU6pg"
        }
      ],
      "services": {
        "appinvite_service": {
          "other_platform_oauth_client": []
        }
      }
    }
  ],
  "configuration_version": "1"
}